1,Butler Group
2,Robinson-Walton
3,Clark-Lee
4,"Poole, Dixon and Woodard"
5,Stuart Ltd
6,Espinoza-Page
7,"Bennett, Moran and Rivera"
8,"Harvey, Miller and Landry"
9,Lynch Inc
10,Cantu and Sons
11,"Cline, Jackson and Yates"
12,Oliver LLC
13,Lewis Inc
14,Allen Group
15,"Smith, Tucker and Lang"
16,Collins-Hernandez
17,Decker-Richards
18,Ellis Ltd
19,"Johnson, Martinez and Gay"
20,Ward LLC
21,"Richard, Johnson and Rhodes"
22,"Baker, Brown and Thompson"
23,"Fernandez, Pacheco and Jackson"
24,Miller-Sanchez
25,Davis LLC
26,Bernard-Kaufman
27,Nelson LLC
28,Allen Group
29,"Rodgers, Kemp and Benson"
30,Walker-Villanueva
31,Howe Group
32,Middleton-Watson
33,Gonzalez-Ortiz
34,"Jones, Romero and Washington"
35,Simon-Hill
36,Lyons-Rogers
37,"Hess, Obrien and Osborn"
38,Martinez-Cox
39,Rivera-Preston
40,"Sanchez, Terrell and Jackson"
41,Allen-Bridges
42,Davis PLC
43,Donovan-Rose
44,Fields Group
45,Rodriguez LLC
46,Smith Inc
47,Thompson PLC
48,Lee Inc
49,Tanner-Livingston
50,Roberts Group
51,Palmer Group
52,Nguyen LLC
53,"Stevenson, Dixon and Ruiz"
54,Ray LLC
55,Chavez-Smith
56,Kelley Inc
57,Herrera LLC
58,"Brooks, Potter and Gilbert"
59,Harper Ltd
60,"Wright, Diaz and Rios"
61,Lee Ltd
62,Kane and Sons
63,Rodriguez-Hudson
64,Mullins Ltd
65,"Brown, Rose and Anderson"
66,Henry-Wolfe
67,"Lopez, Fitzgerald and Coleman"
68,"Ware, Smith and Ellison"
69,Hogan Ltd
70,"Miller, Mathews and Owens"
71,Wilkins-Andrews
72,Jenkins-Johnson
73,"Ross, Hill and Santana"
74,Sparks Group
75,Gomez-Anderson
76,Mclaughlin-Mercado
77,"Haney, Smith and Levine"
78,"Moran, Hernandez and Brown"
79,George-Robinson
80,Newman and Sons
81,Garcia-Hernandez
82,"Palmer, Mason and Thompson"
83,Rivera and Sons
84,"Murphy, Mccoy and Marsh"
85,"Arnold, Ochoa and Miles"
86,Blankenship-Roberts
87,"Anderson, Morgan and Hill"
88,"Bell, Mcdonald and Velazquez"
89,Nash-Duran
90,"Berry, Atkinson and Aguilar"
91,"Salazar, Hunt and Olson"
92,Freeman Ltd
93,Jackson-Tyler
94,Rivera-Jones
95,"Watts, George and Gonzalez"
96,"Hale, Murphy and Hernandez"
97,Moore-Hunt
98,"Velasquez, Kane and Reyes"
99,Brown-Bridges
100,Tran-Rosales
101,Holloway-Ramirez
102,Allen LLC
103,White Group
104,"Barnett, Phillips and Bryant"
105,"Fischer, Carpenter and Klein"
106,Hall and Sons
107,Ortiz-Gross
108,"Jones, Wilson and Cooper"
109,Cook-Wood
110,"Meyer, Kim and Joseph"
111,Lee Group
112,Carroll Inc
113,Ponce-Harris
114,Jordan-Barrera
115,Gaines-Williamson
116,Lopez Group
117,Cox Inc
118,Wolf-Gordon
119,"Jackson, Schwartz and Larsen"
120,Owen-Miller
121,Green-Adkins
122,Chung-Soto
123,Steele and Sons
124,Chavez Ltd
125,"Hobbs, Combs and Matthews"
126,"Franco, Williams and Frost"
127,"Parker, Green and Young"
128,Brock-Holland
129,Pitts and Sons
130,Meyer-Taylor
131,Tyler LLC
132,Mcdaniel and Sons
133,"George, Martin and Reed"
134,Gamble Ltd
135,"Mckinney, Miller and Martin"
136,Smith-Le
137,"Martin, Molina and Vazquez"
138,Mahoney-Miller
139,"Hall, Gamble and Jackson"
140,Cole-Petty
141,Jones PLC
142,Hall and Sons
143,Byrd-Adams
144,Perry-Brown
145,"Gibson, Wells and Evans"
146,Harper-Coffey
147,Lang Group
148,"Miller, Kelley and Jones"
149,"Newton, Bell and Martinez"
150,"Rogers, Anthony and Jones"
151,Taylor-Farrell
152,"Randolph, Jones and Rodriguez"
153,Vega-Michael
154,Smith Ltd
155,Montoya-Huffman
156,"Benson, Owens and Salas"
157,Russell Ltd
158,Johnson LLC
159,Jefferson PLC
160,Turner LLC
161,"Holmes, Scott and Brown"
162,Clay LLC
163,Hudson-Gutierrez
164,Hernandez-Fuentes
165,Hubbard Ltd
166,Sexton Inc
167,Murray Ltd
168,Michael Ltd
169,"Blake, Manning and Mack"
170,Vasquez Group
171,Fleming Ltd
172,Murray Group
173,"Smith, Gonzalez and Keller"
174,Saunders-Wood
175,Keller Group
176,"Barr, Kim and Allen"
177,Walker-Hardy
178,"Hester, Simpson and Molina"
179,"Williamson, Aguilar and Freeman"
180,"Luna, Miranda and Jones"
181,Anderson-Miller
182,Carr Group
183,"Diaz, Levy and Hernandez"
184,Davis Ltd
185,Gonzalez Group
186,Carlson-Miller
187,Ballard LLC
188,Kim-Middleton
189,Richardson Inc
190,"Alexander, Roberts and Rivera"
191,"Scott, Perkins and White"
192,Heath Group
193,Knight-Short
194,"Robinson, Long and Gonzalez"
195,"Miller, Leon and Cruz"
196,Gibbs-Green
197,Cunningham LLC
198,"Hansen, Avery and Baldwin"
199,Carpenter PLC
200,"Hamilton, Moody and Young"
201,West Inc
202,Mathews-Cantrell
203,"English, Farrell and Lewis"
204,Wolf-Evans
205,Herring-Moore
206,Richardson Inc
207,"Harmon, Bradley and Buchanan"
208,Webb-Hubbard
209,Peters Ltd
210,Hampton-Kaufman
211,Hicks LLC
212,Walton-Ponce
213,Perry PLC
214,Jones-Kramer
215,Wiley-Turner
216,"Webster, Ballard and Davis"
217,"Moore, Gomez and Bernard"
218,"Mccarty, Mays and Olsen"
219,Kline and Sons
220,"Brown, Kennedy and Fletcher"
221,Rios-Combs
222,"Palmer, Holland and Walsh"
223,Holt-Acosta
224,Moses-Miller
225,Peters and Sons
226,"Nguyen, Rogers and Miller"
227,Rowe-Rivera
228,"Gutierrez, Watson and Jackson"
229,Ford-Henry
230,"Mcclure, Rojas and Haney"
231,Burch Inc
232,Castillo-Richards
233,Robinson-Evans
234,Gonzales Ltd
235,Allen and Sons
236,"Khan, Smith and Hooper"
237,Sanford-Lyons
238,Wilson PLC
239,Castro Group
240,Lee-Nguyen
241,Oliver and Sons
242,Ramirez LLC
243,"Crawford, Gray and Harmon"
244,Terry LLC
245,Contreras-George
246,"Raymond, Weiss and Meyers"
247,Jacobson-Garcia
248,Thomas-Turner
249,Allen Ltd
250,"Martinez, Villarreal and Bradford"
251,Vasquez LLC
252,Schmitt-Joyce
253,"Rivers, Steele and Edwards"
254,"Spencer, Blankenship and Smith"
255,"Rodriguez, Decker and Mcguire"
256,Dodson and Sons
257,Ramos and Sons
258,"Romero, Tran and Smith"
259,"Richardson, Lewis and Dixon"
260,Martin-Burns
261,Barrett-Jordan
262,Lewis LLC
263,"Cooper, Lambert and Martin"
264,"Nash, Brown and Cruz"
265,"Bridges, Harding and Jones"
266,"Espinoza, Chambers and Schwartz"
267,"Medina, Osborn and Chambers"
268,Mitchell-Sloan
269,Weber-Graham
270,Dean-Henson
271,Savage PLC
272,Boone-Moore
273,Brooks-Anderson
274,"Simon, Kelly and Jones"
275,Watson Ltd
276,Williams Ltd
277,"Chambers, Todd and Mooney"
278,"Peters, Clarke and Fletcher"
279,Sutton-Scott
280,Clark Group
281,Hayes Inc
282,Williams LLC
283,"Rodriguez, Valencia and Brown"
284,Malone-Parker
285,Fisher-Garza
286,"Clark, Gonzales and Taylor"
287,Todd-Rodriguez
288,"Gregory, Haynes and Williams"
289,"Salinas, Lynch and Burns"
290,Parker-Wood
291,"Pearson, Baldwin and Campos"
292,Hernandez PLC
293,Gutierrez-Becker
294,"Wang, Anderson and Baird"
295,Harrison Group
296,"Sharp, Lindsey and Delgado"
297,"Robinson, Jackson and Morris"
298,Trevino Group
299,Tucker-Hobbs
300,Ingram-Bailey
301,Roberson Ltd
302,Galvan PLC
303,Herrera-Walker
304,Tran Ltd
305,Robinson LLC
306,Newman Ltd
307,Myers-Hall
308,Hoover Ltd
309,Quinn-Burton
310,"Jones, Holt and Hughes"
311,Malone Group
312,Graham Group
313,"Lane, Hernandez and White"
314,Wang-Garcia
315,Martin-Davis
316,Contreras PLC
317,Warren-Edwards
318,Rodriguez-Shepard
319,Wilson-Coleman
320,"Hall, Dyer and Benjamin"
321,Warner-Dawson
322,Baker PLC
323,"Baird, Nichols and Sims"
324,Brown LLC
325,Green-Flores
326,Johnson-Williams
327,Peterson Inc
328,Krueger LLC
329,Villanueva-Sampson
330,"Ferguson, Skinner and Burton"
331,"Robbins, Martinez and Sexton"
332,"Garrett, Mcneil and Garrett"
333,Johnson-Brennan
334,Gillespie PLC
335,Jacobson-Fitzgerald
336,Schroeder PLC
337,Maldonado-French
338,"Harmon, Lee and Williams"
339,Bailey-Jones
340,Boone Group
341,Marsh and Sons
342,Martinez PLC
343,Stout and Sons
344,"Espinoza, Rivera and Dean"
345,Davis and Sons
346,"Bond, Shepard and Richardson"
347,Terry PLC
348,Baker-Russell
349,Walker-Montes
350,Mcintyre-Perez
351,Anderson-Larson
352,"Lopez, Davis and Calderon"
353,Henderson LLC
354,Clay-Richards
355,Mills Group
356,Gordon-Reid
357,Freeman-Williams
358,Johns-Brown
359,Cline-Harrington
360,"Alvarez, Harris and Sanchez"
361,"Gibson, Leblanc and Willis"
362,"Schmidt, Jones and Sanders"
363,"Shields, Williams and Cline"
364,Gray LLC
365,Schroeder Inc
366,Anderson PLC
367,Roberts-Vega
368,Allen-Barber
369,Gray-Gonzalez
370,Hunt LLC
371,"Robbins, Petersen and Wagner"
372,Meyers-Ballard
373,Graham Inc
374,Martin PLC
375,Oconnor-Lopez
376,Johnson-Lee
377,Rollins Ltd
378,"Smith, Jackson and Edwards"
379,Young-Hartman
380,Bishop and Sons
381,Velasquez-Roman
382,Bowen-Bradford
383,"Price, Thompson and Perry"
384,Vazquez and Sons
385,Bennett-Bender
386,Marshall and Sons
387,Porter PLC
388,Sullivan Group
389,Evans-Young
390,Dominguez-Mayo
391,Garcia-Mcmillan
392,Johnson-Arroyo
393,Mendoza-Finley
394,Webb-Evans
395,Mann Ltd
396,"Golden, Lowe and Farmer"
397,Robinson-Wade
398,Thompson-Davis
399,Davis and Sons
400,Roberts-Wheeler
401,"Rose, Bradley and Myers"
402,"Wilson, Wilson and Mooney"
403,Brown-Smith
404,Woods PLC
405,"Dominguez, Smith and Gay"
406,Hunt and Sons
407,Lucas-Cruz
408,Allen PLC
409,Taylor Ltd
410,"Lee, Townsend and Pena"
411,"Ward, Dominguez and Cook"
412,"Henson, Stanton and Henderson"
413,Alexander-Brown
414,Stewart-Jackson
415,Williams and Sons
416,"Burton, Carpenter and Jackson"
417,Thomas Group
418,Mayer and Sons
419,Larsen-Hernandez
420,Jackson-Castillo
421,Williamson Group
422,Bridges Inc
423,Kennedy Ltd
424,"Stewart, Cruz and Hale"
425,Salazar-Gallagher
426,Diaz-Mcguire
427,Smith PLC
428,"Robinson, Franklin and Mullins"
429,"Nielsen, White and Salinas"
430,Chavez-Rice
431,Anderson-Mendoza
432,Clark and Sons
433,Hodge-Davies
434,Nichols Inc
435,"Espinoza, Richard and Glover"
436,"Silva, Smith and Kline"
437,Bennett Inc
438,Martin-Smith
439,Sharp and Sons
440,Merritt PLC
441,Clark and Sons
442,"Hines, Lara and Cohen"
443,Bullock-Phillips
444,"Nichols, Bowers and Smith"
445,Beck PLC
446,Roberts Inc
447,Smith LLC
448,Smith Inc
449,"Michael, Price and Stevenson"
450,"Armstrong, Williams and Wall"
451,Bennett-Lewis
452,Vasquez PLC
453,Lopez PLC
454,Robbins-Crawford
455,Knox PLC
456,"Brown, Tran and Mitchell"
457,Mora-Richardson
458,"Higgins, Ramsey and Jacobs"
459,Moore-Hill
460,"Miller, Quinn and Warren"
461,"Lee, Murphy and Clark"
462,Oconnor Ltd
463,Chapman Group
464,Smith-Johnson
465,Andrade LLC
466,"Cantu, Smith and Michael"
467,Durham LLC
468,Haley PLC
469,Freeman-Lewis
470,Li LLC
471,Robinson-Hendrix
472,Patel-Castillo
473,Wallace Group
474,Moore-Diaz
475,Norman Group
476,Smith PLC
477,Chang-Torres
478,Baxter-Warren
479,Johnson-Powell
480,Alexander-Lewis
481,"Ball, Johnson and Alvarado"
482,"Richards, Ramos and Henry"
483,"Griffith, Powers and Arnold"
484,"Ford, Contreras and Bernard"
485,Smith Group
486,Johnson Inc
487,Jones Inc
488,"Rojas, Brown and Levy"
489,Smith-Phillips
490,Bowers-Ramirez
491,Watson-Macdonald
492,Blackwell Ltd
493,Goodman Group
494,Ochoa PLC
495,Morgan-Grimes
496,"Schaefer, Freeman and Allen"
497,Lucas Inc
498,Pearson-Peters
499,Reilly and Sons
500,Church-Martin
